<?xml-stylesheet href="style5.css"?>
<html>
<head>
	<h1>Student Description</h1>
</head>
<students>
	<student>
		<usn>USN: 1CE15CS120</usn>
		<name>Name: Samuel Kenneth Gunjal</name>
		<college>College: City Engineering College</college>
		<branch>Branch: Computer Science Engineering</branch>
		<yoj>Year: 2015</yoj>
		<email>E-mail: knightkenneth73@gmail.com</email>
	</student>
	<student>
		<usn>USN: 1CE15CS142</usn>
		<name>Name: Sumedha S Athreya</name>
		<college>College: City Engineering College</college>
		<branch>Branch: Computer Science Engineering</branch>
		<yoj>Year: 2015</yoj>
		<email>E-mail: sumedha.athreya98@gmail.com</email>
	</student>
	<student>
		<usn>USN: 1CE15CS145</usn>
		<name>Name: Surya U</name>
		<college>College: City Engineering College</college>
		<branch>Branch: Computer Science Engineering</branch>
		<yoj>Year: 2015</yoj>
		<email>E-mail: iamsuryau@gmail.com</email>
	</student>
</students>
</html>